問題,可能原因,簡易故障排除,所屬類別
我的電腦開不了機了，怎麼辦？,"電源插頭未接好。
電腦電源開關未開。",請先確認以下步驟:確認電源插頭是否插好，並檢查插座是否有電-> 確認電腦本身的電源開關是否打開-> 如果以上兩點無問題，嘗試換一個電源插座，或者使用其他電器來測試該插座是否正常運作。,電腦
我的電腦開機後，發出奇怪的噪音，聽起來像是風扇或硬碟的聲音，該怎麼處理？,電腦風扇卡到髒污;硬碟馬達或磁盤異常,"確認電腦的風扇是否有異常聲音，如果是，可能需要清潔風扇或更換損壞的風扇 ，使用硬碟檢測工具來檢查硬碟的健康狀態，如果硬碟出現問題，請及早備份資料並更換硬碟，確保電腦放置在通風良好的位置，避免過熱可能導致硬體元件運轉不穩定或產生噪音。
",電腦
我的螢幕無畫面，怎麼辦？,"線材鬆脫。        
開關按鍵未按。",查看電源線兩端有無鬆脫;電源燈號未亮，開關可能未開;D-SUB線兩端未插緊;報修EFMS系統派請廠商處理;電話撥打8471聯絡資訊處處理。,電腦
我的螢幕無電源反應，怎麼辦？,線材鬆脫,檢查螢幕電源線是否插緊，或連接的電源是否正常,電腦
我的電腦出現C槽系統碟空間不足，怎麼辦？,"存放過多的資料在桌面  
公用電腦太多無用帳號",請查看電腦是否有過多檔案(容量大)放置空間桌面或是文件夾，請搬移至D槽 ;若該電腦為共用電腦，可報修EFMS通知廠商協助清除無用帳號,電腦
公司官網網頁內的資訊有誤或無法正常開啟，怎麼辦？,市府網站異常，,請電洽10#8763商業發展組陳怡誠,網站
我的印表機無法列印。,"印表機沒有開啟。
印表機沒有連接到電腦。
印表機沒有墨水或紙張。",請檢查您的印表機是否開啟;請檢查您的印表機是否連接到您的電腦;請檢查您的印表機是否有墨水或碳粉;請嘗試重新啟動您的印表機。,週邊
我的表機無法列印或卡紙，怎麼辦？,進出紙機構異常,請直接EFMS報修工單,週邊
事務機螢幕顯示:需要盡快更換感光滾筒、加熱器即將用盡(機型::AL-MX300)，怎麼辦？,"耗材故障  
碳粉量不足使用",感光滾筒為晶片壽命用盡，請上EFMS報修。,週邊
我的滑鼠、鍵盤故障，怎麼辦？,"鍵帽故障  
滾輪或按鍵故障  
電池沒電",若為無線裝置請先更換電池測試，若仍異常直接EFMS報修工單。,週邊
我無法使用密碼登入作業系統，該怎麼處理？  作業系統登入錯誤,"不小心輸入大小寫有誤的密碼。
可能網路連線不正常。","請嘗試以下方法：確保您輸入的密碼正確，特別注意大寫和小寫字母的差異;嘗試使用""Caps Lock""鍵切換大小寫，然後再次輸入密碼;確認您的網路連線是否正常，有時候網路問題可能導致無法驗證身分
",Windows
我輸入密碼無法登入，怎麼辦？ 我要變更開機密碼  變更開機密碼 變更密碼,忘記密碼,http://apmgt.trtc.com.tw/ad/ 電腦開機密碼變更不需填單，請自行至網頁申請(以Chrome開啟http://apmgt.trtc.com.tw/ad/，每日限用一次，之後需隔24小時後才可再變更密碼),Windows
我一直登入失敗，怎麼辦？ 登入一直失敗   輸入密碼一直失敗,"忘記密碼   
輸入時大小寫鍵切換錯誤造成鎖定  
鍵盤故障",登入失敗超過五次，系統則會鎖定20分鐘;忘記密碼，則需登入 http://apmgt.trtc.com.tw/ad/ ，重新設置密碼，一天一次;設備故障請至EFMS系統報修,Windows
我的電腦使用到一半無法使用任何網頁，怎麼辦？,"忘記密碼  
密碼到期",密碼剛好到期，需於鍵盤CTRL+ALT+DEL 進行變更密碼(密碼期限為90天)，若不行登入 http://apmgt.trtc.com.tw/ad/ ，重新設置密碼，一天一次。,Windows
新進同仁和留職停薪復職同仁的AD預設密碼，怎麼辦？,復職未申請相關系統開通,5碼員編@Ui,Windows
車站門禁管制Qrcode(google)無法使用，怎麼辦？,google表單異常,請洽貴單位段辦,其他
帳整(腳踏車票、現金繳款單)系統異常、無法列印，怎麼辦？,"驅動程式異常  
USB線鬆脫  
USB線材故障",請洽AFC處理,其他
印表機A6表單無法列印，怎麼辦？,"驅動程式異常  
USB線鬆脫  
USB線材故障",帳整(PAM)要從PAM列印，如果從OA電腦可以列印，則需洽AFC處理,其他
車站票卡查詢機（EQM）異常，怎麼辦？,設備故障,請洽AFC處理,其他
車站票証房的多媒體機櫃異常(含UPS)，怎麼辦？,設備故障,請洽19#2214 行二組,其他
公司的NVR、DVR異常，怎麼辦？,監控設備故障,請洽通訊處理,其他
我的廠商工商憑證簽認平台-簽章元件無法執行，致無法登入，怎麼辦？,元件未安裝,請至 業務文件下載中心->行政處->新公文系統->下載 公文簽章元件、TaipeiON_TCGServiSign 進行安裝,其他
帳整(腳踏車票、現金繳款單)無法列印，怎麼辦？,"驅動程式異常  
USB線鬆脫  
USB線材故障",請user自行測試OA電腦列印是否正常?若OA電腦列印異常報修EFMS工單，若OA電腦列印正常請洽AFC處理,其他
主詢問處電腦開立送診單時，資料無法下載，怎麼辦？,瀏覽器edge相容性未設定或30天到期未加回,"edge 內設定預設瀏器的網頁只有一個月,請在右上角•••圖型-設定-預設瀏器--第一項選允許--第二項ie模式頁面新增網址 例如:.http://portal.trtc.com.tw/",其他
詢問處電腦 PAM軟體票卡資料皆無法上傳遺失物系統，怎麼辦？,瀏覽器edge相容性未設定或30天到期未加回,"edge 內設定預設瀏器的網頁只有一個月,請在右上角•••圖型-設定-預設瀏器--第一項選允許--第二項ie模式頁面新增網址 例如:.http://portal.trtc.com.tw/",其他
我的公務手機(Samsung A33)掃描Beacon延遲問題，怎麼辦？,"藍芽裝置未開啟   
手機韌體未更新",藍芽功能有無開啟。 ->Samsung更新最新版軟體，更新位置位於「設定」->「軟體更新」->「下載並安裝」 ->重新開機-> 如有差勤APP使用問題請洽本處承辦人莊沛綸(分機10#8132)。,其他
我想知道手機與iPAD取消隨機MAC設定(iPhone的iOS系統)步驟,行動裝置設定錯誤,於「設定」下點選「Wi-Fi」選項->找到公司的無線網路trtc_wireless_m點選右邊的「i」->「專用位址」為開啟，請關閉，即綠色部份消失 ->完成設定，請重新連接無線網路,其他
我想知道手機與平板取消隨機MAC設定(Android系統)步驟，以Samsung S21為例,行動裝置設定錯誤,於設定下進入「Wi-Fi」設定，點選…進入進階設定->點選「進階」->點選「管理網路」->找到公司的無線網路trtc_wireless_m->點選「進階」->將「隨機化MAC」改為「手機MAC」->完成設定，重新連接無線網路,其他
我更換公務手機，想知道提供VPN的GA認證碼(6位數密碼)移轉至新手機操作步驟,行動裝置更換資料需轉移,開啟「Google Authenticator」APP。->點選右上角的三個點，會出現相關選單，請點選「轉移帳戶」->在「轉移帳戶」畫面，請點選「匯出 帳戶」->在「選取帳戶」畫面，選取要匯出的帳戶->畫面出現的即為舊手機的 GA 碼，請使用新手機安裝「Google Authenticator」APP 後， 開啟 APP 並掃描 QR CODE，即完成 GA 的帳戶移轉。,其他
我無法上網了。,"網路線鬆脫。
網路設定錯誤。
","請檢查您的網路連線是否正常;請嘗試將電腦重新啟動
",網路
車站的中山站電子白板無法正常顯示，怎麼辦？,"電源異常  
線材鬆脫  
程式異常",設備問題報?EFMS通知通訊處理 程式問題請電洽10#8140網路組蕭昱威,網路
我想申請新的ip或是ip異動，怎麼辦？,"職務異動  
設備移交 ",須至行政電腦IP/MAC填寫申請單，如需詢問請電洽10#8174設備組邵翔麟,網路
車站的Taipei-Free無法使用，怎麼辦？,"行動裝置未開啟無線  
無線AP故障",公司各場域之Taipei Free服務維護為台灣智慧光網股份有限公司報修方式：於EFMS系統「非本公司自有或代管設備報修處理」登錄故障資訊並撥打免付費專線報修，免付費專線為0809-031-081。如有任何疑問，請逕洽本處數位科技維運中心 網路組：黃昭揚（分機10-8154）。,網路
無法安裝行動裝置差勤系統,行動裝置未開啟權限,至業務文件下載中心\數發處\12. 差勤App下載使用方式 ：提供QRcode掃描後即自動下載安裝 如有操作相關問題，請洽詢資訊處莊沛綸(10#8132),應用系統
我的手機打卡程式無法連線至beacon，怎麼辦？,"差勤APP異常。  
接收裝置異常","若需裝程式至業務文件下載-數發處-16差勤qpp下戴使用方式,專人請電洽10#8140網路組蕭昱威",應用系統
我的遺失物系統無法帶出卡片資訊，怎麼辦？,瀏覽器edge相容性未設定或30天到期未加回,此為相容性問題請前往網頁右上角設定->預設瀏覽器->允許在 Internet Explorer模式中重新載入網站 (IE 模式)-選允許Internet Explorer 模式頁面---新增-http://portal.trtc.com.tw/ 以後遺失物系統請由portal 入口網站進入，此功能30天後須重新設定。,應用系統
我的遺失物系統無法顯示條碼，怎麼辦？,瀏覽器edge相容性未設定或30天到期未加回,此為相容性問題請前往網頁右上角設定->預設瀏覽器->允許在 Internet Explorer模式中重新載入網站 (IE 模式)-選允許Internet Explorer 模式頁面---新增-http://portal.trtc.com.tw/ 以後遺失物系統請由portal 入口網站進入，此功能30天後須重新設定。,應用系統
pam票卡資料無法傳輸，無法帶入遺失物系統，怎麼辦？,瀏覽器edge相容性未設定或30天到期未加回,此為相容性問題請前往網頁右上角設定->預設瀏覽器->允許在 Internet Explorer模式中重新載入網站 (IE 模式)-選允許Internet Explorer 模式頁面---新增-http://portal.trtc.com.tw/ 以後遺失物系統請由portal 入口網站進入，此功能30天後須重新設定。,應用系統
我在客服系統中無法下載送診證明單進行列印，怎麼辦？,瀏覽器edge相容性未設定或30天到期未加回,此為相容性問題請前往網頁右上角設定->預設瀏覽器->允許在 Internet Explorer模式中重新載入網站 (IE 模式)-選允許Internet Explorer 模式頁面---新增-http://portal.trtc.com.tw/ 以後遺失物系統請由portal 入口網站進入，此功能30天後須重新設定。,應用系統
行動檢修平台顯示下載資料異常，怎麼辦？,"檢查行動裝置無線是否未開啟  
PC端AppSync版本未更新",請電洽10#8119營運維修組黃亞群,應用系統
公司應用系統入口網站的部分連結無法直接開啟，怎麼辦？,"網址錯誤  
部分連結需使用Chrome開啟",請先確認網址是-http://portal.trtc.com.tw/ .有些人是用-http://portal/,應用系統
進出管制系統ACS網頁資料無法手動輸入或資料顯示異常，怎麼辦？,電腦輸入法切換錯誤,人員進場刷卡出現中文亂碼，請使用者重新切換輸入法為英文，再請人員重新刷卡進場。,應用系統
我在Edge開啟系統網頁(OA、ACS等)無法切換帳號，怎麼辦？,Edge之網網際網路選項未設定,在左下方放大鏡輸入關鍵字「網際網路選項」選擇安全性頁籤>近端內部網路>選自訂等級>下拉右邊拉bar>看到使用者驗證>勾選提示輸入使用者名稱及密碼>按下確定，重開啟遊覽器，即可,應用系統
我的差勤系統出現「無法連上這個網站」，怎麼辦？  差勤系統出現「無法連上這個網站」,"開啟錯誤的瀏覽器  
瀏覽器歷史記錄",點選chrome瀏覽器右上角的三個點->選擇設定->左邊項目選擇「隱私權和安全性」。->中間項目選「清除瀏覽資料」->頁籤選到「基本」，時間範圍選擇「不限時間」，並將三個選項都勾選，然後點選清除資料-> 清除完畢之後重新開啟瀏覽器即可正常使用。,應用系統
我的網頁點選「知識管理系統」發生錯誤 重新導向次數過多訊息，怎麼辦？,"開啟錯誤的瀏覽器  
瀏覽器歷史記錄",在Edge瀏覽器的右上方「…」中選擇「設定」->左邊選擇「隱私權和安全性」功能，再點選清除瀏覽資料 ->點選進階頁籤，時間範圍選不限 時間，藍勾勾選「瀏覽記錄」「下載記錄」「Cookie和其他網站資料」「快取圖片和檔案」後，點選「清除資料」->全部chrome都關掉，重新打開chrome瀏覽器->檢查chrome 之portal網址是否為完整網址「portal.trtc.com.tw」 (注意！如僅有portal/，請修改完整網址才可正常進入),應用系統
車站的EMDS顯示異常，怎麼辦？,電視故障,請洽19#2214 行二組,行控電腦相關
車站地震儀GDS異常，怎麼辦？,地震儀故障,請洽19#2214 行二組,行控電腦相關
防毒軟體無法更新病毒碼,防毒軟體異常,重新安裝軟體，可上EFMS報修,防毒
防毒軟體申請安裝,"新設設備  
系統重灌",須填寫申請單，如需詢問請電洽10#8785設備組邱玉慧,防毒
已公布之公告要如何下架?,公告下架功能僅簽核主管可使用,主管點選「公告下架」後，訊息頁會顯示所有該主管簽核決行之公告。若有需要將該公告下架，可點選公告後並確認內容後，點選「公告下架」即可下架。※注意！公告下架後將無法還原。,OA公告FAQs
新增公告之如何傳送訊息?,步驟操作錯誤,1.進到公佈欄系統點選左上角「新增公告」按鈕進行發布公告2.發布公告功能可選擇發布公告或傳送訊息，並輸公告相關資料，本說明以傳送訊息方式為例，進行訊息發布。3.公告類別依所欲傳送的訊息屬性，除了「職福會工會公告」及「公文抄文」有限制授權單位外，其他皆開放選擇 。4.依同仁需求選擇「公布日期」，系統依公布日期發送。5.依同仁需求選擇「有效日期」，系統將依有效日期將公告進行撤消，如需選擇下個月，請按月曆上方的箭頭，下一年請按雙箭頭。6.輸入主旨後，同仁可於公告內容中插入 WORD 共通的段落或表格，讓同仁使用時更容易表示公告內容資訊。7.輸入完成後按下「送出」按鈕，會提醒使用者確定完成是否要送出資料。8.按下確定後即完成以傳送訊息方式公告作業。,新OA公布欄系統操作說明
新增公告之如何發布公告,步驟操作錯誤,1.發布公告功能可選擇發布公告或傳送訊息，並輸公告相關資料，本說明以發布公告方式為例，進行訊息發布作業。2.發布公告需進行簽核，依簽核層級，需選擇一級或二級單位主管，選擇一級單位主管可對全公司或特殊群組進行發布公告，若為二級單位主管，儘可對處室內同仁及處室內群組進行發布公告。3.選擇簽核層級後，選擇「公告型態」，有「同處室」及「跨處室」，當簽核層級選擇「一級單位主管」，公告型態選擇「跨處室」時，公告對象可選擇「跨處室人員」、「跨處室的特殊群組」進行發布公告。4.公告類別依所欲傳送的訊息屬性，除了「職福會工會公告」及「公文抄文」有限制授權單位外，其他皆開放選擇 。5.依同仁需求選擇「公布日期」，系統依公布日期發送。6.依同仁需求選擇「有效日期」，系統將依有效日期將公告進行撤消，如需選擇下個月，請按月曆上方的箭頭，下一年，請按雙箭頭。7.依同仁處室選擇其簽核主管。8.輸入完成後按下「送出」按鈕，會提醒使用者確定完成是否要送出資料。9.按下確定後於公告區即出現公告簽核紀錄，送陳至簽核主管進行簽核，同仁可點選簽核紀錄，查閱目前簽核情形。,新OA公布欄系統操作說明
轉呈,步驟操作錯誤,1.開啟某一份公告，發現某位同仁未在公告對象中，可以點選「轉呈」功能 ，轉呈出去。2.進入「轉呈」功能後，首先點選「轉呈對象」，選擇對象後按確定帶回「轉呈」功能畫面。3.接著填寫「轉呈原因」，填寫完畢即可按左上角的「確定轉呈」。4.系統將提示是否確定轉呈，按「確定」即可完成轉呈。,新OA公布欄系統操作說明
再公告之訊息,步驟操作錯誤,1.再公告功能以使用者收到的公告後再進行簽核公告或再次發送訊息給相關承辦人，先按下「再公告」按鈕。本說明再公告方式以「傳送訊息」進行，點選「傳送訊息」按鈕以傳送訊息方式進行公告作業。2.再公告以傳送訊息方式公告不需經過簽核流程，系統會自動將主旨中加入「再公告」 ，輸入修改完成相關公告資料後即可按下「送出」按鈕，系統會提醒使用者是否確定完成要送出資料。3.按下確定後即完成傳送。,新OA公布欄系統操作說明
再公告之公告,步驟操作錯誤,1.點選「發布公告」按鈕，系統於主旨再加入 「再公告：」提醒同仁此為再公告，同仁依原公告修改輸入相關再公告資料，操作步驟可依新增公告操作步驟進行，輸入完成後，以發布公告方式進行再公告作業。2.輸入完成後按下「送出」 按鈕，系統會提醒使用者確定完成要送出資料。3.按下確定後即完成公告。,新OA公布欄系統操作說明
另存公告,步驟操作錯誤,1.進入公告後，點選左上角「另存公告」功能2.系統將開啟新視窗，以 PDF 格式顯示公告內容3.可以點選瀏覽器工具列中「檔案」裡的「另存新檔」選項，即可將公告以 PDF 格式儲存於個人電腦之中。,新OA公布欄系統操作說明
系統畫面說明,不知道系統畫面有哪些功能,系統功能畫面分為左側的「功能選單」以及「訊息頁」兩個部分。「功能選單」部分提供選取功能，另「訊息頁」部分可顯示訊息內容。「功能選單」可分為一般使用者操作功能，共有「公中」、「草稿」、「我的公告」以及「垃圾桶」等 4 種功能。另「系統管理部分」則提供「公告下架」功能供簽核主管操作使用。,新OA公布欄系統操作說明
公告中之操作說明,步驟操作錯誤,進入系統後預設的顯示畫面即為「公告中」畫面，另使用者可點選功能選單中「公告中」進入畫面。本功能顯示公告及訊息。畫面左上角提供三個功能按鈕，分別為「全部選取」、「刪除」以及「新增公告」功能。使用者可以透過點選「全部選取」或點選各公告前方「選取方塊」後，點選「刪除」按鈕將不需要之公告移至垃圾桶，移至垃圾桶之公告仍可查閱，且亦會於公告到期後刪除。另使用者可點選「新增公告」撰寫公告。,新OA公布欄系統操作說明
草稿;撰寫公告時點選畫面左上方「儲存離開」連結，撰寫中的公告不見了,公告儲存於「草稿」區,使用者可於功能選單點選「草稿」進入後，繼續編輯公告。,新OA公布欄系統操作說明
垃圾桶,無,使用者可以點選「垃圾桶」查詢先前刪除之公告。使用者可點選公告查詢內容，且公告仍會至公告到期後刪除。,新OA公布欄系統操作說明
差勤app Android下載及安裝方式,步驟操作錯誤,1.到「差勤app下載安裝說明」pdf檔掃取QRCode2.開啟網址後彈出下載視窗3.下載完成後啟動APK並安裝即可,差勤app下載安裝說明
差勤app Android權限設定,步驟操作錯誤,1.長按差勤app應用程式後點按右上角驚嘆號2.點按權限3.點按「鄰近裝置」4.點按「允許」,差勤app下載安裝說明
差勤app IOS下載安裝及信任設定,步驟操作錯誤,1.到「差勤app下載安裝說明」pdf檔掃取QRCode2.點選下載按紐，啟動安裝程序3.點按「設定」4.點按「一般」5.點按「VPN與裝置管理」6.點按「Taipei Rapid Transit Corporation」7.點按信任「Taipei Rapid Transit Corporation」8.點按「信任」,差勤app下載安裝說明
廁所在哪   請告訴我廁所的位置  洗手間在哪裡  廁所往哪走  洗手間往哪走  我想上廁所,廁所在哪,請往出口一方向，廁所在藝文廊通道右手邊,中山站旅客問答集
站內有沒有廁所   車站內有設置廁所嗎  在站內是否有提供洗手間  請問一下，本站站內是否有廁所 我可以在這個車站裡用洗手間嗎  請問這裡有沒有供民眾使用的廁所,站內有沒有廁所,"站內沒有廁所，廁所位於站外。
請往出口一方向，廁所在藝文廊通道右手邊",中山站旅客問答集
有置物櫃嗎   這裡可以存放行李嗎  哪裡可以放東西  這個車站有無提供置物櫃的服務  哪裡可以存放行李,有置物櫃嗎,請往出口一方向，置物櫃在藝文廊通道右手邊,中山站旅客問答集
"有哺集乳室嗎   請問這個車站內是否設有哺集乳室  在這裡有無提供育嬰空間  這站是否有哺乳室可使用	為了方便哺乳，這裡有提供專用空間嗎	 我可以在哪裡餵寶寶",有哺集乳室嗎,"哺集乳室在往出口五通道，請洽詢問處索取通行票，並告知站務人員需要使用哺集乳室，站務人員會通知服務人
員開門",中山站旅客問答集
YOUBIKE位置   請告知YOUBIKE租借的具體位置  這附近的YOUBIKE點位在哪裡   YOUBIKE的站點在什麼地方  要如何找到最近的YOUBIKE站點  我要借YOUBIKE,YOUBIKE位置,YOUBIKE租借站位於出口二、出口三、出口五,中山站旅客問答集
哪裡可以充電   車站內可以充電的地方在哪  這裡有提供充電的地方嗎  哪裡可以充手機  車站哪個區域有提供充電服務  充電座在哪,哪裡可以充電,充電座位於詢問處左右兩邊的服務盒(會面點)內，請多加利用,中山站旅客問答集
行動電源租借站在哪   請告知行動電源租借站的明確位置  我可以在哪裡租借行動電源  車站內有提供行動電源租借服務嗎  如果我需要租用行動電源，該往哪個方向走  租借行動電源的機器在哪裡,行動電源租借站在哪,靠近出口一、出口四、出口五,中山站旅客問答集
花車在哪   請告知花車攤販的具體位置  車站內的花車攤位設在哪裡  花車的攤位位於車站的哪個地方  賣捷運紀念品的地方  車站裡賣商品的地方在哪,花車在哪,往出口一方向，花車位於通道上(目前因施工調整位置至R8出口附近),中山站旅客問答集
花車營業時間是幾點   請告知花車攤販的營業時間  車站內的花車攤位開門營業的時間為何  花車的攤位營業的時間是從幾點到幾點  賣捷運紀念品的地方幾點開始  車站裡賣商品的地方營業時間是如何,花車營業時間是幾點,花車營業時間為每日12:30至19:30,中山站旅客問答集
遺失物中心在哪   請告知本站的遺失物中心在哪裡  我想詢問一下遺失物品認領中心的位置  車站內設置有遺失物品認領處嗎  如果我有東西遺失在車站，可以到哪裡找  怎麼去遺失物中心,遺失物中心在哪,往台北車站方向走中山地下街R1出口,中山站旅客問答集
哪個出口有電扶梯上樓   請告知哪一個出口設有電扶梯可以上樓  如果要上樓，應該從哪個出口搭乘電扶梯 車站內哪個出入口有設置電扶梯通往上層樓面  我想搭乘電扶梯上樓，該從哪個出口出站  電扶梯到出口的位置,哪個出口有電扶梯上樓,出口四有電扶梯提供搭乘至出口,中山站旅客問答集
哪邊有電梯可以出站   請告知哪個方向或出口有設置電梯可以使用  如果我想搭乘電梯出車站，該往哪個方向走  車站的哪一個出入口設置了可以使用的電梯  哪裡有無障礙設施  怎麼搭電梯出站,哪邊有電梯可以出站,出口四有電梯提供搭乘,中山站旅客問答集
無障礙電梯怎麼走   請告知無障礙電梯的具體位置及前往方式  如何走可以到達無障礙電梯的位置 無障礙電梯設置在車站的哪個位置  車站的無障礙電梯在哪  請指示一下如何走能找到無障礙電梯,無障礙電梯怎麼走,出口四有電梯提供搭乘,中山站旅客問答集
紅線月台怎麼走   請告知如何前往紅線路線的月台  搭乘紅線列車的月台在哪個方向  我該如何走才能找到紅線路線的月台  前往紅線路線月台的路線為何  請問到淡水站或大安站或台北車站或象山站月台的位置及前往方式,紅線月台怎麼走,刷票進站後，請依照紅色R指標下月台層搭車；電梯請搭乘至B2,中山站旅客問答集
綠線月台怎麼走   請告知如何前往綠線路線的月台  搭乘綠線列車的月台在哪個方向  我該如何走才能找到綠線路線的月台  前往綠線路線月台的路線為何  請問到松山站或西門站或新店站或台電大樓站月台的位置及前往方式,綠線月台怎麼走,刷票進站後，請依照綠色G指標下月台層搭車；電梯請搭乘至B4,中山站旅客問答集
如何到穿越至綠線的出口   請告知如何走到可以轉乘綠線的出口  我想到對面出口  有穿越通道嗎  綠線出口怎麼走  可以穿越到綠線的出口嗎,如何到穿越至綠線的出口,請洽詢問處拿取臨時通行票，刷通行票進出站,中山站旅客問答集
如何到對面出口   請告知如何走到對面的出口  想要到對面的出口，該怎麼走?  我該如何走才能到對面的另一個出口?  請指示一下前往車站對面出口的路線  有穿越通道嗎,如何到對面出口,請洽詢問處拿取臨時通行票，刷通行票進出站,中山站旅客問答集
走錯出口，要去另一邊出口有沒有連通道   如果走錯出口想到另一側出口，請問有無連通道可走  我走錯出口了，想去另一邊出口，有沒有內部連通道可以走  車站內部不同出口之間是否有連通道可以走動 請問當走錯出口時，是否有通道可以連到另一側出口  如果我出了錯誤的出口，想要到對面出口，有沒有內部走道相連,走錯出口，要去另一邊出口有沒有連通道,請洽詢問處拿取臨時通行票，刷通行票進出站,中山站旅客問答集
出錯站要重新搭車   如果錯過目的地站點是否需要重新購票搭車  請問如果出錯站了，是否需要重新買票再次搭車  當搭車出錯站時，是否必須重新買票再次乘車  我出站了但我還要搭車  我剛出站走錯了需要重新購票搭車嗎,出錯站要重新搭車,請洽詢問處處理，並告知出錯站還要繼續搭車以及目的地,中山站旅客問答集
出錯站怎麼辦   如果搭車出了錯站，該怎麼處理  請問當錯過目的地站點時，我應該如何因應  我出錯站了，怎麼補救  我搭車時出了錯站，該怎麼做  我出站了但我還要搭車,出錯站怎麼辦,請洽詢問處處理，並告知出錯站還要繼續搭車以及目的地,中山站旅客問答集
往淡水末班車是幾點   請告知開往淡水方向的最後一班車開車時間  前往淡水的列車，末班車是幾點的班次  最晚可以搭車去淡水的末班時間是什麼時候  末班車開往淡水的時間是在幾點   請問一下最後一班開往淡水的列車是幾點開車,往淡水末班車是幾點,請參考網頁https://web.metro.taipei/img/ALL/TTPDF/053.pdf,中山站旅客問答集
中山站的第一班車是幾點   請告知中山站第一班車的開車時間  中山站的第一班車是在幾點發車  想在中山站搭第一班車，請問是幾點開車  請問中山站開車的第一班車時間是什麼時候  我想在中山站搭第一班車，要幾點到車站,中山站的第一班車是幾點,請參考網頁https://web.metro.taipei/img/ALL/TTPDF/053.pdf,中山站旅客問答集
請問地下街在哪裡   請告知車站地下街怎麼走  這個車站有地下街嗎  地下街的入口在哪  我該怎麼走才能找到地下街區域  請指示一下如何前往地下街的路線,請問地下街在哪裡,往左或往右都是地下街,中山站旅客問答集
往台北車站的方向是哪一邊   如果我要前往台北車站該怎麼坐車  去台北車站的月台在哪  我想搭車前往台北車站，車在哪  往台北車站,往台北車站的方向是哪一邊,往出口一方向直走地下街可以到或進站於二月台搭車,中山站旅客問答集
往雙連站的方向是哪一邊   往雙連站怎麼走  如果我要前往雙連站該怎麼坐車  去雙連站的月台在哪  想搭車去雙連站，車在哪  往雙連站,往雙連站的方向是哪一邊,往出口四方向直走地下街可以到或進站於一月台搭車,中山站旅客問答集
如何步行去北車   請告知如何步行前往台北車站  應該怎麼走到台北車站  從這裡走到台北車站要多久  請問往台北車站應該沿哪條路走  我可以請教一下如何到台北車站嗎,如何步行去北車,往出口一方向直走地下街可以到,中山站旅客問答集
如何步行去雙連   請告知如何步行前往雙連站  應該怎麼走到雙連站  從這裡走到雙連站要多久    請問往雙連站應該沿哪條路走  我可以請教一下如何到雙連站嗎,如何步行去雙連,往出口四方向直走地下街可以到,中山站旅客問答集
誠品生活南西怎麼走   請告知如何走路前往誠品生活南西店  前往誠品生活南西店該沿哪條路線走  我想步行到誠品生活南西店，該怎麼走  誠品怎麼走  請問如何走路到誠品生活南西店嗎,誠品生活南西怎麼走,出口二,中山站旅客問答集
誠品書街(R79)在哪個方向   請告知誠品書街(R79)的具體方位  誠品書街位於本站的哪個方向  我要如何走才能找到誠品書街  前往R79怎麼走  R79在哪,誠品書街(R79)在哪個方向,往出口四方向直走地下街,中山站旅客問答集
林森北路怎麼走   請告知如何走路到林森北路  我想步行到林森北路，該怎麼走  前往林森北路該沿哪條路線走  林森北路在哪  可以告知一下如何走路到林森北路嗎,林森北路怎麼走,出口二或出口三出去直行,中山站旅客問答集
寧夏夜市怎麼走   請告知如何走路到寧夏夜市  我想步行到寧夏夜市，該怎麼走  前往寧夏夜市該沿哪條路線走  寧夏夜市在哪  可以告知一下如何走路到寧夏夜市嗎,寧夏夜市怎麼走,出口五出去後右轉,中山站旅客問答集
長安東路怎麼走   請告知如何走路前往長安東路  我想步行到長安東路，該怎麼走  前往長安東路該沿哪條路線走  長安東路在哪  可以告知一下如何走路到長安東路嗎,長安東路怎麼走,往出口一方向地下街R4出口,中山站旅客問答集
長春路怎麼走   請告知如何走路前往長春路  我想步行到長春路，該怎麼走  前往長春路該沿哪條路線走  長春路在哪  可以告知一下如何走路到長春路嗎,長春路怎麼走,往出口四方向地下街R9出口,中山站旅客問答集
心中山在哪個出口   請告知心中山位於本站的哪一個出口  心中山要從哪一個出口出站  我該從車站的哪一個出口才能到心中山  心中山在哪  請問心中山怎麼走,心中山在哪個出口,出口四,中山站旅客問答集
"新光三越在哪個出口   請告知新光三越百貨位於本站的哪一個出口  前往新光三越該從哪一個出入口出站  我該從車站的哪一個出口走才能到新光三越	  新光三越在哪  可以告知新光三越怎麼走",新光三越在哪個出口,新光三越本館請走出口二 ；新光三越三館請走出口四,中山站旅客問答集
晶華酒店在哪   請告知晶華酒店的具體位置  晶華酒店距離車站哪個出口比較近  我該如何走到晶華酒店  前往晶華酒店該朝哪個方向走  晶華酒店在哪,晶華酒店在哪,出口三直走，晶華酒店位於中山北路二段上,中山站旅客問答集
南京西路幾號出口   請告知可以前往南京西路的出口編號  如果我想走到南京西路，該從哪一個出口出站  前往南京西路應該走哪一個出口  我要去南京西路，請問該從幾號出口走    可以告知一下南京西路的出口嗎,南京西路幾號出口,本站六個出口上去皆為南京西路,中山站旅客問答集
"附近有可以外幣換台幣的地方
嗎   請問車站附近是否有可兌換外幣的機構  我想換台幣，不知道這附近有沒有可以換匯的地點  如果要換台幣，車站附近有提供這項服務嗎  請問一下車站週遭有無可以換匯外幣的商家或銀行  我手上有些外幣想換成台幣，不知道附近有沒有相關換匯處","附近有可以外幣換台幣的地方
嗎","新光三越百貨股份有限公司台北南西分公司一館9樓貴賓中心或三館4樓外幣服務中心；可從出口一、出口二、出
口三或出口四出站",中山站旅客問答集
為什麼不能進站或出站   為什麼不能進站或出站  請說明一下無法進出站的原因為何  如果無法進出車站，可能會有哪些原因  不能出入車站，這可能是由於什麼原因所造成  請問是什麼情況造成我目前無法進出這個車站  我怎麼會不能進出站,為什麼不能進站或出站,請洽詢問處確認票卡使用情形,中山站旅客問答集
為什麼敬老卡的點數不能使用   請說明一下敬老卡點數無法使用的原因  敬老卡的點數出現無法使用的情形，可能是什麼原因  請問敬老卡點數無法使用的可能原因有哪些  敬老卡點數沒有了嗎  幫我看一下點數,為什麼敬老卡的點數不能使用,請洽詢問處確認票卡使用情形,中山站旅客問答集
要怎麼到對面5號或6號出口   請告知如何走到對面的5號或6號出口  我想走到對面的出口5號或6號，該怎麼走  要前往對面的5號出口或6號出口應該怎樣走  我要到對面  對面出口怎麼走,要怎麼到對面5號或6號出口,請洽詢問處索取臨時通行票，刷通行票進出站，再往出口走,中山站旅客問答集
R79及地下街店鋪營業時間   請告知地下街商店的營業時間  地下街區內的店家們一般營業的時間是什麼時候  店鋪營業時間為何  請問地下街的商店開門了  地下街的店鋪何時開,R79及地下街店鋪營業時間,地下街店鋪於早上10點鐘陸續開門營業,中山站旅客問答集
"一日票跟24小時票差在哪裡   請解釋一日票和24小時票的差異	這兩種車票一日票和24小時票有什麼不同之處嗎  想了解一下一日票與24小時票在使用上的差別   一日票和24小時票哪一種好  我應該買一日票還是24小時票",一日票跟24小時票差在哪裡,"一日票：旅客可自由選擇啟用日期，票卡限啟用當日有效，經【車站驗票閘門自動感應啟用後至當天營運結束】為止，可不限次數、里程重複搭乘臺北捷運，每次搭乘限一人使用
24小時票：
旅客可自由選擇啟用日期，經車站驗票閘門自動感應啟用後，【連續24小時內】可不限次數、里程重複搭乘臺北
捷運，每次搭乘限一人使用",中山站旅客問答集
常客優惠怎麼算   請解釋一下常客優惠的計算方式  適用常客優惠時，優惠的計算規則是如何  請問常客優惠的優惠金額算法  我想知道常客優惠的計算公式  常客優惠好嗎,常客優惠怎麼算,"常客優惠：依每卡每月累計搭乘次數，決定現金回饋比例，並依累計搭乘金額，計算回饋金。當月回饋金＝前月累計搭乘金額×現金回饋比例（尾數不滿1元者，按四捨五入計算）
舉例：上月搭乘11∼20次，可回饋10%
詳細說明請參閱網頁https://www.metro.taipei/cp.aspx?n=AB56163F79ECB2C2",中山站旅客問答集
敬老愛心點數怎麼看   請告知我如何查看敬老愛心卡的點數餘額  敬老愛心卡的點數可以從哪裡查詢到  我要查敬老愛心卡點數  我想知道自己敬老愛心卡的點數有多少，怎麼查詢  我還有多少點,敬老愛心點數怎麼看,請洽詢問處確認票卡使用情形或使用票卡查詢機,中山站旅客問答集
"R79及地下街怎麼走   請告知如何走路前往R79和地下街區域  我想步行到R79書街和車站地下街區，該怎麼走  前往R79書街與地下街的入口在哪  我怎麼可以走到R79書街和地下街	  可以告知一下如何走路到R79書街和地下街嗎",R79及地下街怎麼走,往出口四方向直走地下街,中山站旅客問答集
聯名卡怎麼開卡   請問如何申請聯名卡  我有聯名卡，要如何開卡  這裡可以打開聯名卡嗎  要如何才能辦理聯名卡的開卡手  幫我開卡,聯名卡怎麼開卡,請依卡片上說明開卡,中山站旅客問答集
健康點數要加進去卡片   請問如何將健康點數儲值到卡片內  我需要將健康點數加值到卡片上，該怎麼做  健康點數要如何才能存入卡片使用  想將健康點數加值到卡片內，有什麼方式嗎  我要加健康點數,健康點數要加進去卡片,請將卡票置於悠遊卡加值機（AVM）按照指示設定,中山站旅客問答集
哪裡有垃圾桶   請告知車站內或附近可以丟棄垃圾的地點  垃圾桶在哪  我要丟垃圾，沒看到垃圾桶  請問一下車站有垃圾桶嗎  我想知道哪裡可以丟垃圾,哪裡有垃圾桶,垃圾桶位於詢問處左右兩邊的服務盒(會面點)下方,中山站旅客問答集
聯名卡自動加值如何開卡   請問如何申請開卡聯名卡並設定自動加值  我想要開卡聯名卡並啟動自動加值功能，要如何辦理  聯名卡的開卡程序為何  要如何申請聯名卡並啟用自動加值的功能  我要自動加值，幫我開卡,聯名卡自動加值如何開卡,請將卡票置於悠遊卡加值機（AVM）按照指示開啟自動加值,中山站旅客問答集
"娃娃推車要從哪邊進站   請告知攜帶嬰兒推車應該從哪邊進站  如果我需要帶嬰兒車進站，該從哪一個入口比較方便  推著嬰兒推車要怎麼進車站比較順利 	娃娃車進不去  請告知一下帶著嬰兒推車應該從哪個閘門進",娃娃推車要從哪邊進站,請由無障礙閘門進站,中山站旅客問答集
定期票的優惠範圍   ,定期票的優惠範圍,"定期票：售價新臺幣(以下同)1,200元，持卡人於都會通有效期間內，不限里程、不限次數搭乘基北北桃地區之公
共運輸運具
適用範圍如下：一、捷運與輕軌
二、市區公車：基隆市區公車路線、新北市區公車路線、臺北市聯營公車路線及桃園市區公車路線，詳細路線以基北北桃市政府之公告為準。
三、臺灣鐵路(以下簡稱臺鐵)：起訖站均位於縱貫線基隆站至桃園市新富站，宜蘭線八堵站至福隆站，以及支線深澳線及平溪線各車站間、不限車種
之列車。。但具專屬性及不發售無票座之對號列車(如觀光、團體、太魯閣、普悠瑪、EMU3000列車等)不適用。
四、公路及國道客運
五、YouBike：新北市及臺北市YouBike 站點，借車前30分鐘免費。桃園市
YouBike 站點，借車前60分鐘免費。YouBike2.0E電輔車型不適用。詳細說明請參閱網頁https://www-
ws.gov.taipei/Download.ashx?u=LzAwMS9VcGxvYWQvNDA1L3JlbGZpbGUvMTgyODgvMTA2MjY0LzExZWR hZTZhLTdkMGYtNDRhMS05ODliLTRlMzE0ZjkwNTY3Zi5wZGY%3d&n=5L2%2f55So6aCI55%2blMDkwNi5wZ
GY%3d&icon=..pdf",中山站旅客問答集
悠遊付如何使用   請問如何使用悠遊付的行動支付功能  想了解一下悠遊付的使用方式  悠遊付行動支付的操作流程是怎樣的  要如何使用悠遊付的行動支付服  悠遊付怎麼辦,悠遊付如何使用,需要先下載程式並註冊，註冊完成後，先新增銀行帳戶，再能進行付款、儲值與自動加值服務,中山站旅客問答集
定期票怎麼設定   請問如何設定或新增定期票的功能  我要買定期票  定期票的設定流程和方式為何  要如何操作才能啟用定期票的功能  怎麼設定定期票,定期票怎麼設定,請洽詢問處或自行使用自動售票機設定,中山站旅客問答集
哪裡有公共電話   請告知本站或附近有提供公共電話的位置  我沒帶手機，哪裡有公共電話  如果需要使用公共電話該往哪個方向走  車站附近公共電話在哪  請問公共電話設置的位置在哪裡,哪裡有公共電話,往出口一方向可以看到公共電話,中山站旅客問答集
"飲水機在哪   飲水機在哪  請告知本站或附近有提供飲水機使用的位置  這個車站內部或附近有沒有設置飲水機  如果想喝水，哪裡有飲水機?	 我要裝水  我想知道可以在哪裡找到飲水機",飲水機在哪,往出口五方向可以看到飲水機,中山站旅客問答集
聯名卡如何設定自動加值   請問如何為聯名卡設定自動加值的功能  我想為聯名卡開啟自動加值，該怎麼設定  聯名卡的自動加值功能要如何啟用和設定  要如何操作才能為聯名卡加入自動加值的設定  為什麼卡片沒有自動加值,聯名卡如何設定自動加值,請將卡票置於悠遊卡加值機（AVM）按照指示開啟自動加值,中山站旅客問答集
卡片要記名要怎麼用   請問已記名的卡片要如何使用  我的卡片已辦理記名，使用時有何須注意的地方  辦理卡片記名服務後，在使用上有什麼需要特別注意的嗎  卡片記名後該如何正確使用  記名的卡片有不一樣嗎,卡片要記名要怎麼用,請至悠遊卡公司網頁申請,中山站旅客問答集
學生悠遊卡要怎麼展期   請問學生專用的悠遊卡要如何辦理期限展延  我的學生悠遊卡快要過期，應該怎麼延長有效期限  我要展期學生悠遊卡  我是學生，卡片要展期  請問學生悠遊卡要展期嗎,學生悠遊卡要怎麼展期,"接獲悠遊卡公司簡訊通知時，可至貼有悠遊哪標誌之便利商店、悠遊卡客服中心、捷運車站悠遊卡自動加值機
(GAVM)等指定地點；亦可洽詢問處協助，若不成功，可再嘗試至GAVE辦理，如皆作業失敗，則請電洽悠遊卡公
司24小時客服專線(02)412-8880",中山站旅客問答集
販賣店的營業時間   請告知車站內販賣店的營業時間  這個附近的販賣店一般營業的時間是什麼時候  販賣店的營業時間為何  請問販賣店開門了嗎  販賣店何時開,販賣店的營業時間,地下街店鋪於早上10點鐘陸續開門營業,中山站旅客問答集
可以領取好孕胸章嗎   我要領胸章  我懷孕了，有好孕胸章嗎  有懷孕識別的那個東西嗎  我想要胸章，讓別人知道  我懷孕了，可以領一個胸章嗎,可以領取好孕胸章嗎,本站可以領取好運胸章，請洽服務人員,中山站旅客問答集
可以領取好孕貼紙嗎   我要領貼紙  我懷孕了，有好孕貼紙嗎  有懷孕識別的那個東西嗎  我想要貼紙，讓別人知道  我懷孕了，可以領一個貼紙嗎,可以領取好孕貼紙嗎,本站可以領取好孕貼紙，請洽服務人員,中山站旅客問答集
可以領取博愛識別貼紙嗎   我要領博愛識別貼紙  我年紀大，有博愛識別貼紙嗎  有博愛識別的那個東西嗎  我想要博愛識別貼紙，讓別人知道我年紀大  我年紀很大，可以領一個博愛識別貼紙嗎,可以領取博愛識別貼紙嗎,本站可以領取博愛識別貼紙，請洽服務人員,中山站旅客問答集
可以領取好孕吊飾嗎?   我要領吊飾  我懷孕了，有好孕吊飾嗎  有懷孕識別的那個東西嗎  我想要吊飾，讓別人知道  我懷孕了，可以領一個吊飾嗎,可以領取好孕吊飾嗎?,"本站可以領取好孕吊飾，請洽服務人員。有關好孕吊飾的領取方式：在臺北捷運GO App或北捷網
站:https://ssl.metro.taipei/pregnancyservice登錄申請好孕吊飾，完成申請後，就可憑孕婦健康手冊及電子憑證到指定車站領取。不限孕婦本人至現場領取，歡迎委託家人朋友持電子憑證截圖畫面及孕婦健康手冊代領。如您不是到原登錄指定的地點領取(例：申請A站但卻至B站領取)，現場未必備有充裕庫存，可能會導致白跑一趟的情
形。如有造成不便之處，請諒察。。",中山站旅客問答集
如何買團體票   我們一起要進站 我們超過10人要一起買票  團體票怎麼買  團體買票  多少人算團體有優惠嗎,如何買團體票,請於搭車前直接至車站詢問處購買即可。,中山站旅客問答集
定期票能搭那些車   定期票的範圍  定期票可搭到基隆嗎  定期票可以搭到新竹嗎  定期票使用範圍  定期票適用於哪些交通工具,定期票能搭那些車,"定期票：售價新臺幣(以下同)1,200元，持卡人於都會通有效期間內，不限里程、不限次數搭乘基北北桃地區之公
共運輸運具
適用範圍如下：一、捷運與輕軌
二、市區公車：基隆市區公車路線、新北市區公車路線、臺北市聯營公車路線及桃園市區公車路線，詳細路線以基北北桃市政府之公告為準。
三、臺灣鐵路(以下簡稱臺鐵)：起訖站均位於縱貫線基隆站至桃園市新富站，宜蘭線八堵站至福隆站，以及支線深澳線及平溪線各車站間、不限車種
之列車。。但具專屬性及不發售無票座之對號列車(如觀光、團體、太魯閣、普悠瑪、EMU3000列車等)不適用。
四、公路及國道客運
五、YouBike：新北市及臺北市YouBike 站點，借車前30分鐘免費。桃園市
YouBike 站點，借車前60分鐘免費。YouBike2.0E電輔車型不適用。詳細說明請參閱網頁https://www-
ws.gov.taipei/Download.ashx?u=LzAwMS9VcGxvYWQvNDA1L3JlbGZpbGUvMTgyODgvMTA2MjY0LzExZWR hZTZhLTdkMGYtNDRhMS05ODliLTRlMzE0ZjkwNTY3Zi5wZGY%3d&n=5L2%2f55So6aCI55%2blMDkwNi5wZ
GY%3d&icon=..pdf",中山站旅客問答集
心中山線形公園在哪個出口   心中山線形公園位於哪個出口  去心中山線形公園應該走哪個出口  去心中山怎麼走  出口公園在哪  心中山線形公園的入口位於哪個出口,心中山線形公園在哪個出口,出口四,中山站旅客問答集
"攤車在哪   哪裡有攤車  我該去哪找攤車  在哪裡可以找到攤車	  攤車位於哪個位置  攤車停在哪裡",攤車在哪,位置在R8出口附近，請由出口四方向往地下街直走,中山站旅客問答集
"攤車營業時間是幾點   攤車何時開始營業	攤車營業時間是多久	攤車營業到幾點	你知道攤車營業的時間嗎	攤車何時關門",攤車營業時間是幾點,營業時間為每日12:30至19:30,中山站旅客問答集
"捷運商品在哪裡販售   捷運商品可以在哪裡購買	捷運站裡哪裡有賣商品  我可以在哪裡找到捷運商品  捷運站內有哪些地方可以買到商品  你知道在捷運站裡哪裡可以買到捷運的東西嗎",捷運商品在哪裡販售,位置在R8出口附近，請由出口四方向往地下街直走,中山站旅客問答集
捷運商品販售時間是幾點   捷運商品販售何時開始  捷運商品可以在什麼時間購買  捷運商品販售到幾點  你知道捷運商品的販售時間嗎  捷運商品什麼時候停止販售,捷運商品販售時間是幾點,營業時間為每日12:30至19:30,中山站旅客問答集
心中山廣場在哪個出口   心中山廣場位於哪個出口  去心中山廣場應該走哪個出口  心中山廣場的入口位於哪個出口  心中山廣場怎麼走  我要到心中山,心中山廣場在哪個出口,出口四,中山站旅客問答集
"中山站廣場在哪個出口   我要去中山站廣場	車站出口廣場怎麼走  去中山站廣場應該怎麼走	去中山站廣場應該走哪個出口  中山站附近有個廣場，怎麼走",中山站廣場在哪個出口,出口四,中山站旅客問答集
大倉久和大飯店在哪   我要去大倉久和大飯店  這附近有大倉久和大飯店嗎  大倉久和大飯店怎麼走  大倉久和大飯店從哪個出口走比較近  怎麼到大倉久和大飯店,大倉久和大飯店在哪,出口三往前走過馬路的左手邊可以看到,中山站旅客問答集
常客優惠好還是定期票好   常客優惠和定期票哪個更划算  常客優惠和定期票哪個更便宜  常客優惠和定期票相比，哪個更省錢  常客優惠和定期票哪個更適合頻繁乘坐捷運的人  你覺得常客優惠和定期票哪個更值得購買,常客優惠好還是定期票好,依各人使用時間及次數與距離有關，可參考常客優惠計算方式及定期票優惠範圍,中山站旅客問答集
可以借電話卡嗎   可以借用電話卡嗎  我手機沒電了，能否向你借用一下電話卡  我忘了帶手機，有電話卡可以借嗎  我要借電話卡  我沒帶錢，要借電話卡,可以借電話卡嗎,請洽詢問處,中山站旅客問答集
出口一何時開通   出口一要封到何時  出口一 何時可以走  出口一 為何不能走  出口一怎麼走  出口一往哪走,出口一何時開通,預計今年12月底完工可以開放,中山站旅客問答集
首末班車時間   請告知本線路的首班車和末班車開車時間  想詢問一下這條線路的第一班和最後一班車時刻表  本站首班車和末班車分別是在什麼時間  請告知一下首班車和末班車的開車時間  最早跟最晚的車是幾點,首末班車時間,您好！關於台北捷運中山站的首末班車時間，請您參考以下網頁以獲得最準確的資訊：https://web.metro.taipei/img/ALL/TTPDF/053.pdf,中山站旅客問答集
老爺酒店怎麼走   去老爺酒店怎麼走  我該怎麼找到老爺酒店  請告訴我前往老爺酒店的路線  老爺飯店在哪  請問怎麼去老爺酒店,老爺酒店怎麼走,出口三直走，老爺酒店位於中山北路二段上,中山站旅客問答集
中山運動中心怎麼走   去中山運動中心怎麼走  我該怎麼找到中山運動中心  請告訴我前往中山運動中心的路線  中山運動中心在哪  請問怎麼去中山運動中心,中山運動中心怎麼走,R9出口再往右走就可以到,中山站旅客問答集
蔡瑞月舞蹈社怎麼走   去蔡瑞月舞蹈社怎麼走  我該怎麼找到蔡瑞月舞蹈社  請告訴我前往蔡瑞月舞蹈社的路線  蔡瑞月舞蹈社在哪  請問怎麼去蔡瑞月舞蹈社,蔡瑞月舞蹈社怎麼走,R9出口再往右走就可以到,中山站旅客問答集
馬偕醫院怎麼走   去馬偕醫院怎麼走  我該怎麼找到馬偕醫院  請告訴我前往馬偕醫院的路線  馬偕醫院在哪  請問怎麼去馬偕醫院,馬偕醫院怎麼走,坐車到雙連站走出口2或走地下街到雙連站走出口2,中山站旅客問答集
計程車招呼站   我在哪裡可以找到計程車招呼站  請告訴我附近的計程車招呼站在哪裡  我需要前往計程車招呼站，你知道在哪裡嗎  能告訴我一下計程車招呼站的位置嗎  我要搭計程車，怎麼走,計程車招呼站,出口2計程車招呼站往南京東路方向、出口3計程車招呼站往南京西路承德路方向,中山站旅客問答集
公車站牌   哪裡有公車站牌  有搭公車的地方嗎  公車站牌怎麼走  我要坐公車，怎麼走  坐公車從哪裡出站,公車站牌,出口2往中山北路及出口5、6均有公車站牌,中山站旅客問答集
市立聯合醫院中興院區怎麼走   去市立聯合醫院中興院區怎麼走  我該怎麼找到市立聯合醫院中興院區  請告訴我前往市立聯合醫院中興院區的路線  中興醫院在哪  請問怎麼去中興醫院,市立聯合醫院中興院區怎麼走,請坐車到北門站走3出口走路至醫院或到臺北車站北三門搭接駁車,中山站旅客問答集
西寧市場   去西寧市場怎麼走  我該怎麼找到西寧市場  請告訴我前往西寧市場的路線  西寧市場在哪  請問怎麼去西寧市場,西寧市場,請由北門站出站,中山站旅客問答集
永樂市場   去永樂市場怎麼走  我該怎麼找到永樂市場  請告訴我前往永樂市場的路線  永樂市場在哪  請問怎麼去永樂市場,永樂市場,請由北門站出站,中山站旅客問答集
四平陽光商圈   去四平陽光商圈怎麼走  我該怎麼找到四平陽光商圈  請告訴我前往四平陽光商圈的路線  四平陽光商圈在哪  請問怎麼去四平陽光商圈,四平陽光商圈,請由松江南京站出站,中山站旅客問答集
建國市場   去建國市場怎麼走  我該怎麼找到建國市場  請告訴我前往建國市場的路線  建國市場在哪  請問怎麼去建國市場,建國市場,請由松江南京站出站,中山站旅客問答集
台北市文昌宮   去台北市文昌宮怎麼走  我該怎麼找到台北市文昌宮  請告訴我前往台北市文昌宮的路線  台北市文昌宮在哪  請問怎麼去台北市文昌宮,台北市文昌宮,請由雙連站出站,中山站旅客問答集
台北霞海城隍廟   去台北霞海城隍廟怎麼走  我該怎麼找到台北霞海城隍廟  請告訴我前往台北霞海城隍廟的路線  台北霞海城隍廟在哪  請問怎麼去台北霞海城隍廟,台北霞海城隍廟,請由北門站出站,中山站旅客問答集
"大稻埕   去大稻埕怎麼走	我該怎麼找到大稻埕  請告訴我前往大稻埕的路線  大稻埕在哪  請問怎麼去大稻埕",大稻埕,請由北門站出站,中山站旅客問答集
"健保署   去健保署怎麼走	我該怎麼找到健保署  請告訴我前往健保署的路線  健保署在哪  請問怎麼去健保署",健保署,請由台北車站出站,中山站旅客問答集
捷運行政大樓   捷運總公司怎麼走  我該怎麼找到捷運行政大樓  請告訴我前往捷運行政大樓的路線  捷運公司在哪  請問怎麼去捷運行政大樓,捷運行政大樓,請往出口4方向直走地下街即可到達,中山站旅客問答集
"光點(台北電影館)   去光點(台北電影館)怎麼走  我該怎麼找到光點(台北電影館)  請告訴我前往光點(台北電影館)的路  光點(台北電影館)在哪	請問怎麼去光點(台北電影館)",光點(台北電影館),請往出口3出站,中山站旅客問答集
"赤峰街   去赤峰街怎麼走	我該怎麼找到赤峰街  請告訴我前往赤峰街的路線  赤峰街在哪  請問怎麼去赤峰街",赤峰街,請往出口5出站,中山站旅客問答集
中山市場   去中山市市場怎麼走  我該怎麼找到中山市市場  請告訴我前往中山市市場的路線  中山市市場在哪  請問怎麼去中山市市場,中山市場,請從出口1方向地下街R3出口出站,中山站旅客問答集
如何申請內湖設備房門禁？,文湖線行控電腦機房含內湖行控中心人員管制需授權,新進/異動人員由申請單位依QM數WI40025設備室門禁管制工作說明書辦理，填寫『數位發展處行政電腦機房及文湖線行控機房門禁通行申請單』,系統維運中心行控一組
文湖線行控電腦系統工作站無桌面、滑鼠右鍵沒反應，怎麼辦？,虛擬機器(VM}桌面異常,因文湖線行控電腦經重置案後，採用虛擬機器（VM）運行，故需由實體工作站進入虛擬機器VM桌面開啟工作管理員->file->NEW TASK→輸入explorer.exe,系統維運中心行控一組
文湖線行控電腦系統工作站雙螢幕畫面一半不見，或解析度異常，怎麼辦？,工作站螢幕電源重啟或電力轉供後需重設虛擬機器VM設定,"因文湖線行控電腦經重置案後，採用虛擬機器（VM）運行，故需由實體工作站進入虛擬機器VM調整設定，在有畫面螢幕上方VM工具列點選View→Cycle Multiple Monitor，若出現螢幕處於拉伸模式無法將畫面擴展警訊，需點選VM→Settings…→標籤點選 “Display” ,再選擇左邊 “Display scaling”將sretch mode勾勾拿掉→點選OK確認後，再次點選View→Cycle Multiple Monitor，若仍無畫面但畫面已經由黑轉藍，請聯絡數位發展處內湖值班同仁重置圖控(分機16#8721)。",系統維運中心行控一組
文湖線行控電腦系統工作站圖控畫面遲滯/停滯，怎麼辦？,圖控異常,重置圖控，在APP MON此程式的GraphWORX1點右鍵->點選Stop Task->點選Teminate pocess；GraphWORX2點右鍵->點選Stop Task->點選Teminate pocess,系統維運中心行控一組
車班號誌電腦無法控制,"號誌電腦故障。
訊號異常。","確認電源插頭是否插好，並檢查插座是否有電→ 確認電腦本身的電源開關是否打開。
;報修EFMS系統派請廠商處理。
;電話撥打19-2214聯絡數發處處理。",系統維運中心行控二組
月台電視無到離站時間,訊號異常,"檢視大廳層PIDS是否正常顯示到離站時間;檢視台北捷運GO APP是否顯示到離站時間。
;報修EFMS系統派請廠商處理。
;電話撥打19-2214聯絡數發處處理。",系統維運中心行控二組
"月台電視/閘門看板
無跑馬燈或訊息錯誤","訊號異常
網路異常",電話撥打19-2214聯絡數發處處理。,系統維運中心行控二組
"車站TLOS
佔據異常/誤佔據/顯示異常","訊號異常
程式異常","與行控確認列車位置是否正確。
;電話撥打19-2214聯絡數發處處理。",系統維運中心行控二組
車站LOS電腦異常,訊號異常,"與行控確認該站訊號是否正常顯示。
;電話撥打19-2214聯絡數發處處理。",系統維運中心行控二組
電腦網路不通，怎麼辦？  電腦網路不通  我的網路不通  網路不通,"線材鬆脫  

異動未申請IPMAC   

資訊插座故障","設備有無異動。有。未申請IPMAC異動。請至http://scada.trtc.com.tw:5555/ IPMAC管理網站申請,多人網路不通的話報修efms工單子系統別選行政光纖網系統",系統維運中心網路組
電腦網路很慢，怎麼辦?  電腦網路很慢  網路很慢  我的網路很慢,"電腦或網點問題。
專線問題。
當下各單位連線狀況。",查看網路線在資訊插座及電腦兩端有無鬆脫;網路線外皮或接頭是否有損毀;報修EFMS系統派請廠商處理。,系統維運中心網路組
我的筆電無法使用無線網路，怎麼辦？,"筆電無線網路功能未開啟。
該筆電未申請使用無線網路。
無線AP故障。
USER所處區域未配置無線網路。
",查看筆電無線網路功能有無開啟；確認該筆電是否有申請使用無線網路；報修EFMS系統派請廠商處理。,系統維運中心網路組
我的公務手機無法使用無線網路，怎麼辦？,"手機無線網路功能未開啟。
手機申請的使用期限到期。
手機隨機化MAC未關閉。
無線AP故障。
USER所處區域未配置無線網路。",查看手機無線網路功能有無開啟Wifi；確認是否有申請使用無線網路；檢查手機隨機化MAC是否關閉；報修EFMS系統派請廠商處理;電話撥打8471聯絡數發處處理。,系統維運中心網路組
我的遠距辦公VPN無法使用，怎麼辦?,"AD帳號未申請開通VPN。
AD帳號申請的使用期限到期。
AD帳號、密碼輸入錯誤。
Google 一次性密碼輸入錯誤。",確認AD帳密是否輸入正確；檢查Google 一次性密碼是否輸入正確，需為VPN的一次性密碼，有可能錯誤輸入到Metrobox的一次性密碼。,系統維運中心網路組
我的Metrobox無法登入，怎麼辦？,未安裝及設定雙因子APP 2.誤刪google authenticator之APP,"1.請至至業務文件下載中心\資訊處\12. Metrobox雲端硬碟(DS File)使用說明     
2.至行政表單e化平台填寫AM-數-FM-42004AD暨網路硬碟需求申請單",系統維運中心設備組
我的自然人憑證出現憑證需展期,憑證到期,請開啟網頁至內政部證管理中心(https://moica.nat.gov.tw/renewcert.html)，左邊選單選憑證展期，並插入IC卡，填入身份證、生日、PIN碼進行展期作業,系統維運中心設備組
我的公文系統密碼無法登入,密碼忘記,請至行政表單e化平台填寫AM-數-FM-43033密碼修改申請單,系統維運中心設備組
我要安裝或移除軟體怎麼辦,人員或帳籍異動,請至行政表單e化平台填寫填單申請AM-數-FM-43028核准後由數位發展處派工處理,系統維運中心設備組
物品領用及異動該怎麼做,物品領用、異動,請至物品管理系統申辦(https://apmgt.trtc.com.tw/ar/),系統維運中心設備組
EFMS報修窗是誰  EFMS報修窗是誰負責,詢問表單問題,請電洽10-8104陳瑾叡辦理,應用中心行政應用組
公務手機送修回來後，無法使用傳輸軟體下載巡檢APP(行動檢修)，怎麼辦？,USB偵錯未開啟,開啟USB偵錯才能使用傳輸軟體上傳下載任務。,應用中心營運維修組
公務手機送修回來後，巡檢(行動檢修)管制點靠卡無效，怎麼辦？,反序讀取設定錯誤,"開啟巡檢APP，至設定""啟用卡片反序""切換後嘗試靠卡。",應用中心營運維修組
電腦無法登入怎麼辦?,密碼錯誤遭鎖定,等候三十分鐘後再嘗試，若忘記密碼請撥10-8471重置密碼。,應用中心營運維修組
巡檢(行動檢修)記錄上傳後為何看不到檢查結果?,未等候轉檔完畢,巡檢結果上傳後須等候轉檔約10分鐘，方可查詢紀錄。,應用中心營運維修組
為何再儀器管理系統不能登錄儀器資料?,權限問題,"如需開通儀器管理系統之資料維護權限，需先完成車輛處研發中心定期開設之儀器校正相關課程，並於""行政表單e化平台""填寫""系統申請使用暨申請變更表""申請儀器管理系統之權限，經業務單位(車輛處研發中心)核可後，即可開通權限。",應用中心營運維修組
要如何變更儀器系統中各儀器之保管單位/保管人資料,資料同步,"儀器管理系統中儀器之保管單位/保管人資料來源為""財產系統、物品系統、物料系統""，如需異動保管單位/保管人資料，請於上述資料來源之系統進行資料變更，儀器系統將於每日08:00與各資料來源系統進行資料同步。",應用中心營運維修組
"為何我已經把儀器改成""使用中""了，可是我再EFMS/行動巡檢還是選不到該儀器?",資料同步,由於EFMS/行動巡檢於每日06:00與儀器系統進行資料同步，如在資料同步後才進行儀器之使用狀態更新，該儀器資料將於隔日同步於EFMS/行動巡檢。,應用中心營運維修組
EFMS已有工單編號，為什麼在物料系統領料單上輸入工單編號不被接受?,不符合業務邏輯,第1次領料必須透過EFMS進行領料，同一工單第2次領料時，才能直接進入物料系統領料。,應用中心營運維修組
為甚麼我換了新單位之後不能審核新單位的ACS工單?,權限問題,"由於人員單位異動時，進場作業管制系統將自動移除原有權限，請同仁於""行政表單e化平台""填寫""系統申請使用暨申請變更表""申請ACS之權限，經業務單位核可後，即可開通權限。",應用中心營運維修組
如何修改ACS工單之現場負責人?,系統操作不熟悉,"可於ACS中""遠端管制作業\現場負責人""功能進行修正，但一般使用者僅可修改同一單位(同股)同仁所建之申請單，且申請單狀態需為「已核准未施作」方可進行修改。",應用中心營運維修組
ACS進場申請單已經被核准了，但是無法進場,系統操作不熟悉,"可能原因如下：
1.請確認進場日期、時間是否與申請單內容相符合。 
2.請確認進場人員是否為申請單之現場負責人。",應用中心營運維修組
工單結案後，物料系統可否領料?,不符合業務邏輯,原則上工單結案後不可領料(例外情形：L1工單或物料零用金採購，可先行領用後，再補開領料單，並於備註欄說明以備查核),應用中心營運維修組
在ACS填申請單時，填寫廠商公司名稱欄位時，在廠商公司名稱查詢畫面找不到資料,系統操作不熟悉,"可於ACS中""基本資料管理\廠商資料維護作業""功能新增廠商資料，完成後申請單畫面將可挑選該廠商資料。",應用中心營運維修組
"廠商已經上完訓練中心廠商安全訓練,但是ACS申請畫面找不到廠商資料",資料同步,請確認廠商之承商資料是否已登錄訓練系統，進場作業管制系統將每日於(06:30、13:30、18:30、21:30)與訓練系統進行資料同步。,應用中心營運維修組
物料系統領料時領料單之責任中心預設為所屬單位之責任中心，可否修改成其他責任中心?,業務邏輯,"規則如下：
1.同一工單開立之第1張領料單，可以修改責任中心。
2.同一工單開立之第2張以上領料單，為維持同一工單相同責任中心，不可以修改責任中心。",應用中心營運維修組
物料系統退料時，退料原因為原件退回，為什麼有些料號不能退?,不符合業務邏輯,"須符合下列條件：
1.必須同一工單曾經有領過的料號才能原件退回。
2.退回之數量，不能超過同一工單所領用之數量。",應用中心營運維修組
為何在申請ACS要附掛子單時，查詢不到已經申請的消防隔離申請單?,系統操作不熟悉,"須符合下列條件：
1.進場申請單與消防隔離申請單之現場負責人必須為同一人。
2.消防隔離申請單之施作時間，必須包含進場申請單之進離場時間。",應用中心營運維修組
如何申請系統權限?,權限問題,請至行政表單e化平台，填寫系統申請使用暨申請變更表。,應用中心
如何取消已完成審核之進場申請單,系統操作不熟悉,"可於ACS中""申請作業\工作申請單取消申請作業""功能進行申請，以下為各申請單之取消申請期限：
˙高運量/文湖線/非行車管制區之進場申請單：取消進場期限為申請施作時間(迄日)翌日起【7】天內。
˙消防隔離申請單：申請取消最晚須於申請施作時間前【4】小時完成作業取消。
˙天花板拆裝申請單：申請取消必須於申請施作時間前完成。",應用中心營運維修組
為何我在進場作業管制系統沒有進離場確認的功能?,權限問題,"進離場確認功能屬於進階使用者權限，請同仁依程序於""行政表單e化平台""填寫""系統申請使用暨申請變更表""申請ACS之權限，經業務單位核可後，即可開通權限。",應用中心營運維修組
